"U.S. Emissions by Economic Sector, MMT CO2 eq.",2021
Transportation,1804.3053003963103
Electric power industry,1584.0818100082665
Industry,1487.2656925442425
Agriculture,635.7613566674768
Commercial,439.15669036640185
Residential,365.5540464574806
U.S. territories,24.1033958819053